Question Number,Type,Time,Correct
1,camelCase,2912.5,Yes
2,camelCase,4293.70000000007,Yes
3,camelCase,3065.20000000007,Yes
4,kebab-case,2993.1999999999534,Yes
5,camelCase,2645.79999999993,Yes
6,camelCase,4431.79999999993,Yes
7,camelCase,3578.1999999999534,Yes
8,kebab-case,2884.3000000000466,Yes
9,kebab-case,4214.400000000023,Yes
10,kebab-case,4438.5,Yes
11,kebab-case,7207.5,Yes
12,kebab-case,4271.599999999977,Yes
