Question Number,Type,Time,Correct
1,camelCase,3549.199999999255,Yes
2,camelCase,3636.599999997765,Yes
3,camelCase,3586,Yes
4,camelCase,3279.7000000029802,Yes
5,kebab-case,4097.599999997765,Yes
6,kebab-case,3751.60000000149,Yes
7,kebab-case,3767.699999999255,Yes
8,kebab-case,3519.900000002235,Yes
9,kebab-case,3425.300000000745,Yes
10,camelCase,2784.2000000029802,Yes
11,kebab-case,2995.2999999970198,Yes
12,camelCase,3877.800000000745,Yes
