Question Number,Type,Time,Correct
1,kebab-case,5988,Yes
2,camelCase,5539.299999999988,Yes
3,camelCase,3060.7999999999884,Yes
4,camelCase,2924.2000000000116,Yes
5,kebab-case,4893.399999999965,Yes
6,camelCase,3626.0999999999767,Yes
7,kebab-case,3176.7000000000116,Yes
8,kebab-case,2975.399999999965,Yes
9,camelCase,3580.5,Yes
10,camelCase,4834.299999999988,Yes
11,kebab-case,3411.2000000000116,Yes
12,kebab-case,3479.9000000000233,Yes
