Question Number,Type,Time,Correct
1,camelCase,4119.20000000007,Yes
2,camelCase,3047.5999999999767,Yes
3,kebab-case,2952.899999999907,Yes
4,camelCase,2765.1999999999534,Yes
5,camelCase,4697.70000000007,Yes
6,kebab-case,3835.9000000000233,Yes
7,kebab-case,3829.1999999999534,Yes
8,camelCase,5203.800000000047,Yes
9,camelCase,3713.8000000000466,Yes
10,kebab-case,3272,Yes
11,kebab-case,5023.599999999977,Yes
12,kebab-case,3280.8000000000466,Yes
