Question Number,Type,Time,Correct
1,camelCase,5077.799999999988,Yes
2,camelCase,7632.600000000006,Yes
3,kebab-case,5879.900000000009,Yes
4,camelCase,4229.300000000003,Yes
5,camelCase,10696,Yes
6,camelCase,5220.399999999994,Yes
7,kebab-case,7101.4000000000015,Yes
8,kebab-case,4150,Yes
9,camelCase,4125.8000000000175,Yes
10,kebab-case,5394.399999999994,Yes
11,kebab-case,6010.1999999999825,Yes
12,kebab-case,3541.6999999999825,Yes
